Country Name,2010,2011,2012,2013,2014,2015,2016,2017,2018,2019
Aruba,1.100847363,1.285737753,1.263881564,1.312226295,1.164567828,1.21023953,1.260758519,1.313844323,1.337275505,1.335668564
Afghanistan,-2.579151869,-2.502059698,-2.418561459,-2.519349098,-2.411068439,-2.56262517,-2.662156105,-2.794973612,-2.753262043,-2.652406931
Angola,-0.226182342,-0.36923781,-0.389322549,-0.391233474,-0.333232045,-0.505385816,-0.321580082,-0.389134824,-0.347750902,-0.370094687
Albania,-0.191482902,-0.282379419,-0.143631592,0.091929786,0.485986233,0.341639042,0.337447882,0.37376982,0.366642982,0.11004968
Andorra,1.278272152,1.302488327,1.290351152,1.28392601,1.286593318,1.365985394,1.382750273,1.39288795,1.391008735,1.577211499
United Arab Emirates,0.801757872,0.912175715,0.863251448,0.894792199,0.768908918,0.748049259,0.549646139,0.601948619,0.689086735,0.667445123
Argentina,-0.084797867,0.158993661,0.103040546,0.065314263,-0.005121871,0.008764135,0.197749898,0.162541434,0.006809914,-0.097864307
Armenia,0.071855329,-0.063868985,0.154794976,0.110385142,-0.2971358,-0.256798655,-0.667951107,-0.626211226,-0.451120526,-0.420044243
American Samoa,0.919146717,0.93399018,0.95299083,0.928985775,1.08068347,1.151678085,1.158555984,1.184322,1.166080236,1.145717978
Antigua and Barbuda,0.904999375,0.957588255,0.975788057,0.958863378,0.984550714,0.987564266,0.859249651,0.732059717,0.822919726,0.937967896
Australia,0.888859868,0.935710073,0.997997224,1.031072974,1.032191992,0.873180687,1.033424497,0.876146674,0.970811963,0.917313099
Austria,1.152648211,1.193521619,1.340566874,1.364100575,1.270700455,1.129330516,0.892175972,1.029623389,0.884671748,0.892080426
Azerbaijan,-0.238546923,-0.532135963,-0.715751827,-0.412859917,-0.559909523,-0.73391664,-0.80890882,-0.751900971,-0.711426675,-0.693412125
Burundi,-1.625959396,-1.807200432,-1.70473814,-1.350277543,-0.784407139,-1.937446117,-1.964375138,-2.002573967,-1.570218563,-1.624993443
Belgium,0.810646176,0.954535425,0.92359972,0.940082729,0.701269448,0.577092111,0.42960611,0.417606324,0.393630445,0.458316237
Benin,0.261260122,0.318356365,0.364367604,0.301189363,0.027139762,-0.020496422,-0.008783503,0.026251886,-0.147074759,-0.420259506
Burkina Faso,-0.117637143,-0.555381477,-0.573129237,-0.763390124,-0.787128568,-0.609127343,-0.868710697,-0.927885592,-1.060256481,-1.30215323
Bangladesh,-1.425789475,-1.404736876,-1.379088998,-1.627858877,-0.895563185,-1.209773779,-1.259732962,-1.253626704,-0.985568643,-0.928613365
Bulgaria,0.36009106,0.301750302,0.379833996,0.170710385,0.078540899,0.010424642,0.068279371,0.321378797,0.444267064,0.561198294
Bahrain,-0.493476391,-0.950841904,-1.129954934,-1.335417747,-0.907474875,-1.068262696,-0.792700231,-0.958746016,-0.846307814,-0.626835167
"Bahamas, The",0.993692219,1.103621483,1.184026003,1.134824634,0.956470132,0.894982457,0.959943354,0.976761103,0.847560644,0.801466107
Bosnia and Herzegovina,-0.693730175,-0.819794893,-0.538148701,-0.404944122,-0.019179042,-0.404167622,-0.402664006,-0.351470172,-0.400912255,-0.424830645
Belarus,-0.094990097,-0.087769009,0.06861522,0.005959166,0.179782152,0.110905699,0.135706261,-0.057209238,0.353457749,0.344906747
Belize,0.070427686,0.15190886,0.180257618,0.176189259,0.048583075,0.037259512,0.052189551,0.030403515,-0.002222205,0.061934385
Bermuda,0.911838114,0.964122117,0.980253696,0.970303059,0.913897812,0.961817384,0.975613654,0.98148948,1.133034587,1.051399589
Bolivia,-0.415407211,-0.417126507,-0.458068103,-0.328593433,-0.333112091,-0.270498693,-0.253675967,-0.280111223,-0.28669095,-0.728338599
Brazil,0.013475911,-0.132575423,0.045961641,-0.258553296,-0.070290133,-0.331864446,-0.38103506,-0.480093956,-0.459640145,-0.714393616
Barbados,1.06063664,1.246130109,1.185965657,1.26692915,1.277919888,1.116827726,0.960008144,0.952523887,0.900504649,1.032812834
Brunei Darussalam,1.277547002,1.085193753,0.909327209,1.074022293,1.261507034,1.233712554,1.142017841,1.153425217,1.235813618,1.110963702
Bhutan,0.742221653,0.826495349,0.77630949,0.784624875,1.068038583,0.960772634,1.106088281,1.102793097,1.077452898,1.065351009
Botswana,0.991209805,1.064446568,1.104041457,1.102347016,1.011847138,1.031368256,0.979198039,1.009294391,0.958273768,1.095207453
Central African Republic,-2.020625353,-1.789389133,-1.852922916,-2.154896736,-2.699193239,-1.89358747,-1.779548764,-1.993532181,-2.172087193,-2.13577795
Canada,0.936318219,1.077175736,1.113016248,1.061421752,1.17550385,1.26233685,1.240411639,1.089679599,0.963774383,0.994817913
Central Europe and the Baltics,,,,,,,,,,
Switzerland,1.258594275,1.300342083,1.418336034,1.401140213,1.402652621,1.326494217,1.28985405,1.242314816,1.319249392,1.310838223
Channel Islands,,,,,,,,,,
Chile,0.67960453,0.452553362,0.331102103,0.36374253,0.447516918,0.424871743,0.402406216,0.406280667,0.412628829,-0.016168356
China,-0.657060683,-0.602054834,-0.53878206,-0.543789923,-0.522584021,-0.552559674,-0.502221346,-0.232558474,-0.298641503,-0.259810865
Cote d'Ivoire,-1.583894253,-1.405807614,-1.263461113,-1.048724174,-1.037160635,-0.835078061,-0.909238815,-1.091115832,-0.898008049,-1.036474109
Cameroon,-0.736971438,-0.66168797,-0.588517427,-0.532237291,-1.059252381,-0.989914,-1.061213017,-1.091504693,-1.401759028,-1.561764836
"Congo, Dem. Rep.",-2.196742058,-2.21298933,-2.085892916,-2.192190647,-2.167921305,-2.138853312,-2.224589348,-2.339438915,-2.080746651,-1.624438524
"Congo, Rep.",-0.316415846,-0.35430038,-0.489689857,-0.475050122,-0.359291583,-0.5291273,-0.523459077,-0.533614933,-0.348402858,-0.299301684
Colombia,-1.537184834,-1.284655571,-1.401810408,-1.291971803,-1.114594102,-1.072663784,-0.887163997,-0.779457688,-0.806959629,-0.979467273
Comoros,-0.562939286,-0.552736104,-0.452308029,-0.256929189,-0.186910167,-0.24447161,0.022001922,0.022407399,-0.361675262,-0.17683351
Cabo Verde,0.840972781,0.722605228,0.809086382,0.777999878,0.350779146,0.855819821,0.87119019,0.762864292,0.833078504,0.859521031
Costa Rica,0.691537201,0.508276045,0.638402462,0.677918017,0.577418208,0.669974029,0.648553014,0.597006142,0.453240991,0.430242807
Cuba,0.349292427,0.280382127,0.307248294,0.37056464,0.544822037,0.634750009,0.673131645,0.638509929,0.640438855,0.610411108
Curacao,,,,,,,,,,
Cayman Islands,1.149637938,1.336360812,0.959384382,1.017615318,1.04634726,1.1286937,1.1407758,1.162609696,1.110623479,1.401382208
Cyprus,0.452444822,0.607984483,0.635126054,0.563347161,0.551882088,0.542449117,0.593786836,0.530973077,0.484394073,0.544513285
Czechia,0.989233732,1.109117627,1.054106116,1.084778547,0.989990473,0.970251083,0.963384211,0.990649343,1.02620995,0.941883624
Germany,0.796834469,0.842218459,0.775621295,0.92798388,0.925186455,0.687514961,0.667541146,0.574380219,0.577707589,0.548454642
Djibouti,0.253481269,0.177703246,0.160619214,-0.102187522,-0.77023226,-0.44767192,-0.628553987,-0.733945012,-0.133512378,-0.343412548
Dominica,0.903117776,1.139158607,0.980585456,1.119856238,1.05717814,1.054432034,0.9776631,1.172775149,1.068851233,1.029823542
Denmark,1.040961027,1.10029304,0.914910674,0.959233463,0.951779723,0.887059271,0.852912426,0.854936242,0.931788921,0.967484951
Dominican Republic,-0.044954035,-0.00048185,0.252366811,0.207428694,0.145934492,0.227570921,0.241259411,0.15207319,0.012199945,-0.003159933
Algeria,-1.259367585,-1.360560656,-1.325043321,-1.202371478,-1.190535188,-1.090786576,-1.099741936,-0.919614136,-0.84212178,-1.055829883
Ecuador,-0.586674452,-0.686557531,-0.57030648,-0.178656712,-0.018533209,-0.147344977,-0.091710433,-0.078932591,-0.094810791,-0.238249406
"Egypt, Arab Rep.",-0.898418307,-1.437057018,-1.436329722,-1.6388309,-1.631176591,-1.49933219,-1.43972683,-1.429645181,-1.188100696,-1.124602079
Eritrea,-0.875592828,-0.76640439,-0.702197254,-0.772372127,-0.805872619,-0.878453434,-0.662282407,-0.733444393,-0.609398246,-0.705968618
Spain,-0.318043739,0.021104537,-0.029516449,0.012017759,0.243121743,0.241160139,0.402214497,0.270845115,0.275779158,0.292700946
Estonia,0.661366999,0.611041307,0.636465192,0.748215437,0.780257881,0.613857269,0.662796259,0.642369628,0.580257714,0.630106986
Ethiopia,-1.635101199,-1.50696373,-1.564271331,-1.407307386,-1.339387417,-1.496942043,-1.617245197,-1.677229643,-1.274579644,-1.303721905
Finland,1.423606873,1.393471003,1.400765181,1.385172486,1.282197237,1.027998209,0.982591867,1.063806653,0.891700327,0.835154116
Fiji,-0.190827519,-0.071288198,-0.067774832,-0.051027689,0.553164601,0.569660664,0.897029459,0.586045206,0.833207309,0.779773772
France,0.681087554,0.602992833,0.554941535,0.448744118,0.300568491,0.097759806,-0.106349595,0.265700728,0.0137935,0.271274894
Faroe Islands,,,,,,,,,,
"Micronesia, Fed. Sts.",1.209316969,1.101389408,1.150869846,1.102858543,0.984550714,1.017171502,1.036456466,1.161632657,1.315120697,1.034340501
Gabon,0.299279243,0.384890914,0.29329142,0.330102742,0.149542809,0.015247292,-0.110105984,-0.105891399,-0.257414043,-0.075141385
United Kingdom,0.411818206,0.351707608,0.402270734,0.486201435,0.415347636,0.503706396,0.347932637,0.380708188,0.077564575,0.52747041
Georgia,-0.718320906,-0.656951964,-0.680453956,-0.441366166,-0.321507543,-0.472153753,-0.320115089,-0.375215024,-0.447616845,-0.498185903
Ghana,0.026093241,0.167112142,0.130694985,0.060606085,-0.106807962,-0.038228907,-0.138907716,0.082036331,-0.036738522,0.118470922
Gibraltar,,,,,,,,,,
Guinea,-1.687079072,-1.388054013,-1.287012458,-1.229851723,-0.955242753,-0.386475414,-0.396070927,-0.69907409,-0.880607545,-0.84259665
"Gambia, The",0.065416984,-0.000270605,-0.000778838,-0.048636407,-0.151400715,0.016247632,-0.442044199,-0.094831444,-0.08758685,0.214429125
Guinea-Bissau,-0.690954328,-0.753625989,-0.965295851,-0.899927616,-0.706451654,-0.516579092,-0.445275575,-0.497683495,-0.684850454,-0.561577141
Equatorial Guinea,0.236128226,0.150343806,0.232703447,0.120355181,-0.374146551,-0.207799196,-0.14674297,-0.172020316,-0.090242371,-0.147936091
Greece,-0.127206877,-0.098695189,-0.217248693,-0.171341717,-0.140445963,-0.235559732,-0.129703641,-0.081244558,0.153864294,0.1623694
Grenada,0.518380046,0.360115409,0.492649019,0.426174343,0.774568856,0.779747725,0.998592257,0.992373705,0.968616605,0.937967896
Greenland,1.645201087,1.940006495,1.934407234,1.931952834,1.924541116,1.947082162,1.964210629,1.927581429,1.936508656,1.887186527
Guatemala,-0.852924466,-0.7441414,-0.633820176,-0.674156249,-0.655563533,-0.6544379,-0.545003712,-0.651365459,-0.538192272,-0.577349424
Guam,0.395871073,0.791545987,0.780917645,0.798485518,0.750133276,0.786707044,0.652095139,0.678459287,0.697025716,0.883918047
Guyana,-0.458965749,-0.434282511,-0.49961406,-0.456606746,-0.136097595,-0.139641345,-0.034218926,-0.049440727,-0.191917717,-0.254104406
"Hong Kong SAR, China",0.935810566,0.94859612,1.006289482,0.922868311,1.153228521,1.035205364,0.736158371,0.818202198,0.776450574,-0.228379548
Honduras,-0.496909589,-0.390435368,-0.350115597,-0.438611597,-0.534083962,-0.472757906,-0.437456161,-0.565637231,-0.531866431,-0.569066167
Croatia,0.608463645,0.62374711,0.606891453,0.64266789,0.619112372,0.586513638,0.654191136,0.681904495,0.793498814,0.685416102
Haiti,-0.940315425,-0.990167558,-0.788092673,-0.63101536,-0.643627286,-0.671565056,-0.745547473,-0.676077306,-0.640176177,-0.887624741
Hungary,0.685783744,0.743254066,0.67579478,0.796646118,0.669904828,0.737792492,0.64338094,0.796199262,0.737417698,0.761821568
Indonesia,-0.853916168,-0.770114183,-0.593262792,-0.519264638,-0.416824043,-0.619956315,-0.379699737,-0.5049389,-0.552077413,-0.502156675
Isle of Man,,,,,,,,,,
India,-1.2779845,-1.32679534,-1.289309859,-1.229174137,-0.99791199,-0.954773545,-0.960426509,-0.774099052,-0.997705162,-0.796840608
Ireland,1.020165324,0.948998928,0.941072702,0.901075721,1.052991152,0.895332575,0.833849669,0.99340868,1.011168242,0.95930326
"Iran, Islamic Rep.",-1.630591869,-1.421767712,-1.323926091,-1.249686599,-0.874987662,-0.924846888,-0.814020634,-0.933828712,-1.342144251,-1.711465359
Iraq,-2.239267111,-1.846983552,-1.934050202,-2.011390448,-2.480337858,-2.250779629,-2.303333044,-2.295948267,-2.520958185,-2.609148026
Iceland,1.022253633,1.244009733,1.245032072,1.287133694,1.246974587,1.298480988,1.346588731,1.337684989,1.394577146,1.61964798
Israel,-1.341151714,-1.201318026,-1.07890439,-1.101284742,-1.039735317,-1.097817302,-0.799367249,-0.894905567,-0.918106616,-0.8155604
Italy,0.473923683,0.501207411,0.508217514,0.495499194,0.458165407,0.3632572,0.355933428,0.292909652,0.32613951,0.381040454
Jamaica,-0.429541469,-0.062983334,0.120508112,0.182374373,0.024492532,0.085965723,0.29546842,0.298302531,0.423851728,0.388235539
Jordan,-0.31249252,-0.513562262,-0.523977637,-0.606315255,-0.540025532,-0.60686487,-0.496246248,-0.434904039,-0.379783809,-0.274439603
Japan,0.879353166,0.995091975,0.948442876,1.019141912,0.968597353,1.054220557,0.968189001,1.100126505,1.037358642,1.019695044
Kazakhstan,0.522971809,-0.338570565,-0.408455014,-0.402473897,0.036018156,-0.038353074,0.001462973,0.024372295,-0.052698813,-0.167979881
Kenya,-1.165523529,-1.244790792,-1.323441267,-1.166930914,-1.282247186,-1.241347909,-1.354456544,-1.128438354,-1.179692149,-1.105736017
Kyrgyz Republic,-1.039652348,-1.098030686,-0.911251366,-0.911773801,-0.804615676,-0.882429659,-0.65201968,-0.362933785,-0.529558122,-0.266192228
Cambodia,-0.50098443,-0.304419667,-0.103577204,-0.136436149,0.023174802,0.063348144,0.20619081,0.093508989,0.110811263,-0.075531386
Kiribati,1.422731638,1.302488327,1.290351152,1.28392601,0.801865816,0.821486235,0.846926332,0.855434954,0.998590291,1.124233007
St. Kitts and Nevis,1.036112189,0.957588255,0.975788057,0.958863378,0.572488189,0.564717531,0.606805444,0.628548622,0.677222848,0.700797915
"Korea, Rep.",0.325895816,0.412495643,0.267103314,0.278578639,0.108568802,0.156361043,0.153576508,0.38189283,0.638081014,0.546021044
Kuwait,0.451988816,0.311102718,0.203606218,0.16605559,0.149006546,-0.219549298,-0.056500711,-0.051229637,0.090533733,0.175113589
Lao PDR,-0.282062978,-0.058007225,0.03373903,0.0674439,0.498692989,0.538871527,0.524906516,0.394011855,0.407829285,0.530268252
Lebanon,-1.62501502,-1.558287501,-1.664812326,-1.690353394,-1.697941303,-1.698364496,-1.615684032,-1.622226834,-1.621535778,-1.67229104
Liberia,-0.46852529,-0.42737025,-0.484476507,-0.475507081,-0.615449607,-0.817833304,-0.441768199,-0.320534796,-0.203764617,-0.339135408
Libya,0.028088447,-1.287379265,-1.58695972,-1.844076514,-2.353407145,-2.189651251,-2.274737835,-2.353574753,-2.43496871,-2.565771341
St. Lucia,0.790275514,0.849078357,0.893705666,0.853357732,0.816450417,0.837734759,0.998592257,0.974609792,0.993263125,0.906494319
Liechtenstein,1.54408741,1.490579605,1.389199615,1.397171617,1.458861828,1.437775135,1.453269958,1.459082961,1.453585505,1.597493172
Sri Lanka,-0.942946851,-0.72477144,-0.717079222,-0.612895429,-0.330464035,0.083182663,-0.01134005,-0.07544852,-0.139389724,-0.215569809
Lesotho,0.456775397,0.383940756,0.274199098,0.338074297,-0.332812041,-0.318707615,-0.244855866,-0.194125235,-0.188686535,-0.427999049
Lithuania,0.715260625,0.671200335,0.786209881,0.964532316,0.742136419,0.749750257,0.814721227,0.76556474,0.729063928,0.77052319
Luxembourg,1.461218596,1.317426801,1.331918836,1.335248113,1.378323793,1.426368237,1.403617144,1.31289196,1.347255111,1.333174944
Latvia,0.527854025,0.320002139,0.453626722,0.593635261,0.487268358,0.43631041,0.467219561,0.452953696,0.395304829,0.426793516
"Macao SAR, China",0.573578119,0.607760489,0.628785551,0.757722914,1.206168532,1.187453151,1.390567183,1.407128215,1.229578137,1.215290904
St. Martin (French part),,,,,,,,,,
Morocco,-0.383013308,-0.392256796,-0.470458776,-0.493017614,-0.446265608,-0.344394982,-0.317617774,-0.3780891,-0.348556757,-0.345829725
Monaco,0.964173734,1.042408824,1.048162341,1.056243896,1.023347855,1.314925075,1.315310597,1.615089536,1.577254295,1.577211499
Moldova,-0.381340742,-0.049293749,0.046490479,0.000808572,-0.158987761,-0.32604599,-0.305498779,-0.314989507,-0.402226478,-0.387309909
Madagascar,-0.978338838,-0.705585897,-0.536136985,-0.65999341,-0.557235837,-0.427762926,-0.294186473,-0.30283758,-0.578839123,-0.313983828
Maldives,-0.166243851,-0.242630184,-0.365171462,0.125037372,0.679096162,0.411403716,0.408033192,0.224531189,0.082971118,0.027608531
Mexico,-0.726463437,-0.667768598,-0.662454188,-0.714223802,-0.853918791,-0.801780105,-0.633718133,-0.806073427,-0.673981011,-0.843628824
Marshall Islands,1.153065562,1.061803818,1.026400208,1.054114819,0.989585757,1.002985954,0.834963679,1.034585953,0.998590291,1.175102472
North Macedonia,-0.518517077,-0.617963791,-0.492649525,-0.416076392,0.256382942,-0.292592734,-0.355312616,-0.258881122,-0.211983711,0.008093261
Mali,-0.182899222,-0.708379745,-2.034328699,-1.722162127,-1.713988781,-1.682771206,-1.612848759,-1.903490663,-2.084461451,-2.214205742
Malta,1.253456235,1.06393671,1.065075159,1.042757869,1.125496984,1.05367744,1.066459775,1.238307238,1.271421313,1.013528109
Myanmar,-1.285928011,-1.111098409,-0.943674982,-1.140372396,-1.087580681,-1.16666913,-0.808124959,-1.084094286,-1.266946793,-1.330458999
Montenegro,0.584210992,0.565341532,0.596563041,0.504595459,0.219455272,0.136638209,0.268716216,-0.062578022,0.037592556,0.058016822
Mongolia,0.597042263,0.606538892,0.471134812,0.491320789,0.791901171,0.711831987,0.7876001,0.783370972,0.831077039,0.636659682
Northern Mariana Islands,,,,,,,,,,
Mozambique,0.394421875,0.332048267,0.390493691,-0.22696647,-0.336002737,-0.516435564,-1.096814632,-0.917248428,-0.833329558,-0.766716242
Mauritania,-1.076169848,-1.173678875,-1.133991718,-1.014761448,-0.589508355,-0.635684848,-0.748691559,-0.629497826,-0.632418096,-0.562930703
Mauritius,0.640258789,0.946499407,0.971312404,0.944801748,0.667965949,0.988632321,0.999218166,0.962364137,0.859399259,0.801905751
Malawi,0.043895766,-0.072912723,-0.002686169,-0.205809802,0.081093207,0.034293275,-0.116127513,-0.249828547,-0.431270897,-0.286847949
Malaysia,0.143352136,0.077409767,-0.005212402,0.051791593,0.266619146,0.253947318,0.129485935,0.111208953,0.247989401,0.146066397
Namibia,0.846940041,0.911657512,0.978104293,0.958809972,0.608740628,0.725260258,0.699528992,0.621905208,0.684950054,0.528806627
New Caledonia,,,,,,,,,,
Niger,-1.160744548,-0.878004491,-1.148130894,-1.321799397,-1.175840497,-1.059703231,-1.10075748,-1.259505153,-1.358237863,-1.404958606
Nigeria,-2.211123228,-1.956454515,-2.042073727,-2.088478327,-2.130276442,-1.921705127,-1.873888969,-1.996716857,-2.097414255,-1.933071136
Nicaragua,-0.499709249,-0.269735813,-0.348777562,-0.249215871,-0.040780123,-0.092195526,-0.095483571,-0.053823207,-0.950931132,-0.992481053
Netherlands,0.940750122,1.113630772,1.187464714,1.143815398,1.045115352,0.912540197,0.896933198,0.907122314,0.838097334,0.821221173
Norway,1.332311511,1.337976933,1.327469826,1.352091908,1.11995852,1.145620108,1.181620955,1.150700212,1.120635986,1.141986489
Nepal,-1.583971143,-1.416443586,-1.381232262,-1.129146099,-0.72459954,-0.997430027,-0.846989989,-0.5841012,-0.542416573,-0.452942908
Nauru,1.453984499,1.061803818,1.026400208,1.054114819,0.601334393,1.088017941,1.108857036,0.931889772,0.944292486,0.792732
New Zealand,1.236488819,1.376731038,1.361365557,1.453926563,1.467927575,1.511137605,1.501143336,1.56213212,1.512160897,1.415749431
Oman,0.59024173,0.43244046,0.462077081,0.459530205,0.734907329,0.778052211,0.749765635,0.749311626,0.642036438,0.589168727
Pakistan,-2.675933123,-2.810035467,-2.677003622,-2.603302002,-2.401279211,-2.471883535,-2.473873854,-2.396910429,-2.253884554,-2.251637459
Panama,-0.116048209,-0.028218862,-0.179432675,-0.141260922,0.209008202,0.37741518,0.400727749,0.380333245,0.252037287,0.290878117
Peru,-0.999915421,-0.760749698,-0.907364726,-0.80573976,-0.550656915,-0.398910075,-0.207934842,-0.263510197,-0.276951969,-0.163659349
Philippines,-1.650759578,-1.392181635,-1.18824029,-1.084253192,-0.713820934,-0.854724228,-1.378690362,-1.189290643,-1.096192241,-0.928045392
Palau,1.453984499,1.061803818,1.026400208,1.054114819,0.989585757,0.821486235,0.846926332,1.213737011,1.194799542,1.171670437
Papua New Guinea,-0.808443785,-0.754677415,-0.590442359,-0.520246863,-0.339367092,-0.41628924,-0.504316509,-0.691195011,-0.656307817,-0.705046415
Poland,1.01733005,1.072062969,1.04947865,0.973354995,0.842940807,0.862319052,0.496157646,0.509755135,0.480340898,0.550631166
Puerto Rico,0.356976479,0.600148976,0.584973395,0.249155894,0.819992661,0.847117484,0.67782861,0.481969595,0.273657262,0.142603353
"Korea, Dem. People's Rep.",-0.296562105,-0.251826197,-0.012876378,-0.441554099,-1.134743333,-1.151740313,-0.684034169,-0.500023603,-0.340751916,-0.286907196
Portugal,0.717686951,0.741739273,0.775272608,0.748763442,0.806274414,0.904212952,0.958625793,1.106168151,1.115095258,1.051632404
Paraguay,-0.834862232,-0.692596555,-0.871902168,-0.735861599,-0.08862751,0.035212629,0.134470806,-0.002856044,-0.086801514,-0.018059423
West Bank and Gaza,-1.973575473,-1.93561995,-1.956032157,-1.778823495,-1.985010862,-2.154096127,-1.970878363,-1.650645375,-1.804794073,-1.88934803
French Polynesia,,,,,,,,,,
Qatar,1.15385592,1.174731016,1.223598838,1.212546468,0.977457762,0.983597457,0.884123743,0.647981882,0.649283886,0.684275627
Romania,0.273600399,0.186090663,0.082341559,0.179133072,0.049136128,0.181799337,0.266823202,0.048513539,0.036215875,0.54217118
Russian Federation,-0.929458737,-0.998262107,-0.817712665,-0.73609364,-0.943617463,-1.032223463,-0.947688162,-0.642759621,-0.538375676,-0.551099122
Rwanda,-0.272093862,-0.17711778,-0.230615199,-0.110951617,-0.313469648,0.002518378,-0.066518664,0.078270361,0.101642534,0.056940533
South Asia,,,,,,,,,,
Saudi Arabia,-0.226726979,-0.464799643,-0.480688244,-0.431784123,-0.285844654,-0.634387195,-0.472771108,-0.649576366,-0.660840631,-0.623455822
Sudan,-2.665277719,-2.522917271,-2.260563374,-2.193009615,-2.363084555,-2.155153036,-2.331105709,-1.971524239,-1.82177794,-1.696198225
Senegal,-0.41792497,-0.280602247,-0.108322032,-0.060722835,-0.198223099,-0.120225243,-0.22595489,-0.055723127,-0.107445858,0.03752597
Singapore,1.169414878,1.191421747,1.368174553,1.378178358,1.186271429,1.29889214,1.477468967,1.59912312,1.468008995,1.480305552
Solomon Islands,0.343293846,0.307558388,0.187316343,0.300382704,0.470224828,0.639986575,0.491754383,0.188087985,0.354402095,0.495676666
Sierra Leone,-0.236645371,-0.168444857,-0.279945284,-0.174718276,-0.104039676,-0.106272891,-0.167113155,-0.039427098,-0.088885598,-0.056958809
El Salvador,0.058842227,0.111001194,0.234583974,-0.033658903,-0.024590004,-0.020496048,-0.104568757,-0.263820618,-0.389219522,-0.120268002
San Marino,1.453984499,1.061803818,1.026400208,1.054114819,0.989585757,1.365985394,1.382750273,1.39288795,1.391008735,1.225839972
Somalia,-3.130971432,-3.083846569,-2.860755444,-2.758686543,-2.515828133,-2.370088816,-2.347157955,-2.249909878,-2.248987675,-2.386288404
Serbia,-0.421741664,-0.282882065,-0.217299461,-0.075638093,0.184110776,0.234833032,0.133281603,0.083367333,0.005221334,-0.07809411
South Sudan,,-1.430328488,-1.156583309,-1.730328679,-2.646576643,-2.372008324,-2.412496805,-2.446235657,-2.434559584,-2.518343925
Sao Tome and Principe,0.115442857,0.0078264,0.013335418,0.111840725,0.184183002,0.136271909,0.215979159,0.183460847,0.515797019,0.500569344
Suriname,0.082475461,0.119975284,0.079325452,0.132779226,0.249270841,0.249509305,0.15281789,0.119800709,0.058161013,0.087626666
Slovak Republic,1.053316832,0.974757314,1.08840096,1.119518161,1.039121151,0.865759432,0.708230555,0.902730107,0.736512184,0.667275548
Slovenia,0.866508842,0.969209671,0.935110688,0.88225168,0.965773404,0.947492003,0.979141891,0.866364181,0.894077659,0.801483512
Sweden,1.094170451,1.230688095,1.170597196,1.127778053,1.065414786,0.932670474,1.000782132,0.968601584,0.92122525,1.011769652
Eswatini,-0.076072693,-0.479735821,-0.407692343,-0.431911141,-0.500559747,-0.480209202,-0.494323075,-0.270877749,-0.377810627,-0.274407119
Sint Maarten (Dutch part),,,,,,,,,,
Seychelles,0.856766224,0.937754095,0.744266331,0.825588942,0.361632437,0.674569547,0.715953171,0.77947253,0.673826814,0.658694148
Syrian Arab Republic,-0.805789709,-2.012106895,-2.682273865,-2.681142807,-2.74882412,-2.965176821,-2.906036139,-2.612917662,-2.736278534,-2.730331182
Turks and Caicos Islands,,,,,,,,,,
Chad,-1.524827719,-1.318085194,-1.044117332,-1.089472294,-1.568882704,-0.973281741,-1.301894188,-1.286392093,-1.477965355,-1.350407004
Togo,-0.179348394,-0.162598491,-0.386457771,-0.35371083,-0.167126864,-0.232123047,-0.175117105,-0.874444485,-0.88600421,-0.908243716
Thailand,-1.442788363,-1.133533716,-1.216630697,-1.311682701,-0.906386316,-0.995044947,-0.991300225,-0.754879355,-0.799434543,-0.491420507
Tajikistan,-1.034538388,-1.023233891,-1.240859747,-1.182374001,-0.693340778,-0.88231802,-0.78061831,-0.674310863,-0.747738957,-0.512072921
Turkmenistan,0.334105611,0.234129071,0.42808789,0.2490955,0.074206032,-0.089571141,-0.195148066,-0.128823504,-0.012979328,-0.178149864
Timor-Leste,-0.467514545,-0.462352425,-0.284831136,-0.384680241,-0.179694876,-0.27170971,-0.017668042,0.06638208,0.233176738,0.243016809
Tonga,0.689703107,0.937798142,0.894514441,0.935446382,0.84719646,0.868294656,0.897029459,0.771566808,0.833516359,1.037786126
Trinidad and Tobago,-0.050823182,0.141080409,0.104277603,0.093686096,0.247864336,0.279361039,0.27725777,0.269298404,0.230616614,0.081537127
Tunisia,-0.063976362,-0.353741795,-0.721316934,-0.902563274,-0.851661503,-0.960177004,-1.139722347,-1.02349031,-0.86821872,-0.877072871
Turkiye,-0.915285528,-0.959997058,-1.22053194,-1.249932528,-1.086035967,-1.495309711,-2.007214785,-1.786375403,-1.315165997,-1.3781358
Tuvalu,1.422731638,1.302488327,1.290351152,1.28392601,1.299327254,1.365985394,1.382750273,1.213737011,1.391008735,1.171670437
Tanzania,0.014471621,-0.024133479,0.051454291,-0.162120849,-0.597118556,-0.423460692,-0.448246777,-0.570162177,-0.580516219,-0.388441443
Uganda,-1.000558257,-0.976101816,-0.86896652,-0.838690639,-0.941126168,-0.804575801,-0.718276322,-0.569948792,-0.701724708,-0.694264531
Ukraine,0.013131719,-0.070431463,-0.092274904,-0.77728498,-2.020833492,-1.95953238,-1.853331923,-1.867416739,-1.872089386,-1.428326726
Uruguay,0.824986041,0.957096934,0.709167778,0.804738224,0.991879582,0.994889319,1.048521757,1.040090799,1.023943424,1.028179169
United States,0.438403934,0.591247261,0.632442117,0.643072605,0.582419634,0.662890196,0.385635316,0.262201786,0.386042565,0.117876664
Uzbekistan,-0.720438123,-0.599719346,-0.518739343,-0.53607899,-0.273108631,-0.374532461,-0.280753702,-0.244979039,-0.304469526,-0.29666546
St. Vincent and the Grenadines,0.790275514,0.849078357,0.928883851,0.853357732,0.816450417,0.987564266,0.998592257,0.871098697,0.822919726,0.937967896
"Venezuela, RB",-1.256236672,-1.094045997,-1.02713263,-1.077632427,-0.852002203,-0.97167027,-1.022976637,-1.25151372,-1.351442456,-1.539181471
British Virgin Islands,,,,,,,,,,
Virgin Islands (U.S.),0.339058101,0.860623062,0.679576159,0.846709192,1.164254904,1.220001817,0.975613654,0.98148948,0.955986977,1.051399589
Viet Nam,0.148407876,0.189088449,0.267358661,0.250577271,-0.022347357,0.063808225,0.226832524,0.211421594,0.032742601,0.03891024
Vanuatu,1.275229573,1.109436989,1.201700807,1.160386682,0.636045277,0.458486795,0.48971042,0.676284015,0.802380979,1.00210762
World,,,,,,,,,,
Samoa,0.765691876,0.988590956,0.99924016,0.98900789,1.12190485,1.166048288,1.175883532,1.161632657,1.133188844,1.163725734
Kosovo,-1.044821143,-1.04214704,-1.038502336,-0.966146648,-0.340774536,-0.200406447,-0.285933346,-0.244493425,-0.675402105,-0.348640084
"Yemen, Rep.",-2.423716307,-2.426796436,-2.430663109,-2.3748281,-2.665575027,-2.668016195,-2.784488678,-2.934315443,-2.996031046,-2.770873785
South Africa,-0.029427003,0.02403157,-0.0253867,-0.046294536,-0.146388963,-0.220544875,-0.149085,-0.284803957,-0.237621993,-0.283249706
Zambia,0.515351355,0.509773791,0.660962522,0.435933292,0.156212017,0.144709781,0.132928282,0.142042592,0.082525499,-0.11702957
Zimbabwe,-1.10401392,-0.945328534,-0.778662026,-0.665949762,-0.713570178,-0.619207263,-0.620809734,-0.710430861,-0.721038401,-0.943286121
